cva,Scr_1,Scr_2,Scr_3,fcr_1,fcr_2,fcr_3,regr_1,regr_2,regr_3,coherence,r2Sr_1,r2Sr_2,r2Sr_3,fraction_exogenous
0,220,165,209,0.0226,0.0229,0.0227,9740,7210,9200,7.65e-06,0.936,0.925,0.944,0
0.01,162,137,141,0.0226,0.0226,0.0224,7150,6040,6280,0.000342,0.932,0.943,0.941,0.0331
0.02,123,105,100,0.0223,0.0225,0.0219,5550,4660,4580,0.000475,0.937,0.952,0.958,0.0599
0.03,100,93,84.7,0.0216,0.0222,0.021,4660,4190,4030,0.000557,0.95,0.951,0.967,0.0846
0.04,87.1,82.8,75.9,0.021,0.0212,0.0205,4160,3920,3710,0.000611,0.958,0.963,0.97,0.106
0.05,78.7,77.4,72.1,0.0204,0.0205,0.0197,3860,3780,3660,0.000642,0.964,0.964,0.971,0.127
0.06,72.8,73,68.1,0.0199,0.02,0.0192,3670,3650,3540,0.000668,0.968,0.965,0.971,0.14
0.07,69.3,69.4,64.4,0.0192,0.0195,0.0187,3600,3560,3440,0.000688,0.971,0.966,0.971,0.151
0.08,67.2,64.1,60.9,0.0187,0.0191,0.0181,3590,3350,3360,0.000704,0.972,0.97,0.972,0.161
0.09,62.2,61.5,59.2,0.0185,0.0187,0.0176,3360,3300,3370,0.000713,0.973,0.97,0.972,0.167
0.1,61.7,61.7,57.5,0.0177,0.0179,0.0171,3480,3440,3370,0.000722,0.975,0.971,0.972,0.172
0.11,60.1,60.2,56,0.0172,0.0174,0.0166,3490,3460,3380,0.00073,0.976,0.972,0.971,0.176
0.12,58.9,58.6,54.9,0.0168,0.017,0.0161,3500,3450,3420,0.000737,0.976,0.972,0.971,0.179
0.13,57.4,57.5,54.3,0.0164,0.0165,0.0156,3490,3480,3480,0.000741,0.976,0.973,0.97,0.179
0.14,54.6,56.3,53.7,0.0162,0.0161,0.0152,3380,3490,3550,0.000745,0.976,0.972,0.97,0.179
0.15,55.3,55.5,53.4,0.0156,0.0157,0.0148,3540,3530,3610,0.000748,0.976,0.972,0.969,0.179
0.16,54.8,55,53.1,0.0152,0.0153,0.0143,3600,3600,3700,0.00075,0.976,0.972,0.968,0.177
0.17,54,54.4,52.9,0.015,0.0149,0.014,3610,3650,3780,0.000753,0.975,0.972,0.967,0.176
0.18,53.4,54,52.8,0.0146,0.0145,0.0136,3650,3720,3880,0.000754,0.975,0.972,0.967,0.173
0.19,53,53.4,52.8,0.0143,0.0141,0.0132,3710,3780,3990,0.000754,0.974,0.972,0.967,0.173
0.2,52.7,53.1,52.8,0.014,0.0138,0.0129,3770,3850,4080,0.000754,0.974,0.971,0.967,0.168
0.21,52.2,52.8,52.8,0.0137,0.0135,0.0126,3810,3920,4180,0.000754,0.972,0.97,0.966,0.165
0.22,51.9,52.6,52.8,0.0135,0.0132,0.0123,3850,3990,4280,0.000752,0.971,0.97,0.966,0.162
0.23,51.7,52.5,52.9,0.0132,0.0129,0.012,3910,4070,4400,0.000751,0.97,0.969,0.966,0.159
0.24,51.5,52.5,53.1,0.013,0.0126,0.0118,3970,4150,4510,0.000749,0.969,0.969,0.965,0.156
0.25,51.6,52.5,53.2,0.0127,0.0124,0.0115,4060,4250,4630,0.000747,0.969,0.968,0.965,0.154
0.26,50.1,52.6,53.5,0.0124,0.0121,0.0112,4030,4340,4770,0.000744,0.966,0.968,0.965,0.149
0.27,51.3,52.6,53.7,0.0122,0.0119,0.011,4200,4430,4880,0.000741,0.967,0.967,0.964,0.146
0.28,51.3,52.6,53.9,0.012,0.0116,0.0108,4290,4520,5000,0.000738,0.966,0.966,0.964,0.143
0.29,51.2,52.6,54.1,0.0118,0.0114,0.0106,4340,4610,5120,0.000735,0.965,0.966,0.964,0.14
0.3,51.1,52.7,54.3,0.0116,0.0112,0.0103,4430,4710,5250,0.000731,0.964,0.965,0.963,0.137
0.31,51.3,52.9,54.5,0.0113,0.011,0.0101,4550,4830,5370,0.000727,0.963,0.965,0.963,0.134
0.32,50.2,53,54.7,0.011,0.0107,0.00993,4570,4930,5510,0.000723,0.961,0.964,0.962,0.131
0.33,51.2,53,55,0.0108,0.0105,0.00973,4730,5050,5650,0.000718,0.961,0.963,0.962,0.128
0.34,51.2,53.2,55.2,0.0106,0.0103,0.00954,4830,5170,5790,0.000713,0.96,0.963,0.961,0.125
0.35,51.2,53.4,55.5,0.0104,0.0101,0.00936,4940,5300,5930,0.000708,0.959,0.962,0.961,0.122
0.36,51.4,53.5,55.7,0.0101,0.00987,0.00917,5070,5420,6080,0.000703,0.959,0.962,0.96,0.12
0.37,51.5,53.7,56,0.00996,0.00969,0.009,5180,5550,6220,0.000698,0.958,0.961,0.96,0.117
0.38,51.7,53.9,56.4,0.00977,0.0095,0.00882,5290,5680,6390,0.000692,0.957,0.96,0.96,0.114
0.39,51.8,54.1,56.7,0.00957,0.00932,0.00866,5420,5810,6550,0.000687,0.956,0.959,0.959,0.112
0.4,52.1,54.3,57,0.00934,0.00914,0.00849,5580,5940,6720,0.000681,0.955,0.959,0.959,0.11
0.41,52.2,54.5,57.4,0.00917,0.00896,0.00833,5690,6080,6890,0.000675,0.954,0.958,0.959,0.107
0.42,52.4,54.2,57.9,0.009,0.0087,0.00819,5820,6240,7070,0.000669,0.953,0.957,0.959,0.105
0.43,51.9,55.2,58.2,0.00872,0.00862,0.00804,5960,6400,7240,0.000663,0.95,0.957,0.958,0.103
0.44,52.8,55.6,58.6,0.00868,0.00846,0.00788,6080,6570,7440,0.000656,0.951,0.957,0.958,0.101
0.45,53,55.9,59,0.00852,0.00829,0.00774,6220,6740,7630,0.00065,0.95,0.956,0.958,0.0984
0.46,53.3,56.2,59.4,0.00836,0.00813,0.00759,6380,6920,7830,0.000644,0.95,0.955,0.957,0.0964
0.47,53.7,56.7,59.9,0.0082,0.00799,0.00746,6540,7090,8030,0.000637,0.949,0.955,0.957,0.098
0.48,53.6,57.1,60.4,0.00788,0.00785,0.00733,6800,7270,8240,0.000631,0.947,0.955,0.957,0.0925
0.49,54.4,57.6,60.8,0.00785,0.00771,0.0072,6930,7470,8450,0.000625,0.947,0.955,0.957,0.0905
0.5,54.8,58,61.3,0.00771,0.00758,0.00707,7110,7660,8680,0.000618,0.947,0.955,0.956,0.0885
